<?xml version="1.0" encoding="utf-8" ?>
<dwsync>
<file name="360se.png" server="hz199109.ftp.aliapp.com" local="131771757817692551" remote="131771408400000000" Dst="0" />
<file name="android.png" server="hz199109.ftp.aliapp.com" local="131771757817801543" remote="131771408400000000" Dst="0" />
<file name="chrome.png" server="hz199109.ftp.aliapp.com" local="131771757818275527" remote="131771408400000000" Dst="0" />
<file name="chromium.png" server="hz199109.ftp.aliapp.com" local="131771757818979351" remote="131771408400000000" Dst="0" />
<file name="crios.png" server="hz199109.ftp.aliapp.com" local="131771757818994320" remote="131771408400000000" Dst="0" />
<file name="debian.png" server="hz199109.ftp.aliapp.com" local="131771757819568752" remote="131771408400000000" Dst="0" />
<file name="fedora.png" server="hz199109.ftp.aliapp.com" local="131771757820267227" remote="131771408400000000" Dst="0" />
<file name="edge.png" server="hz199109.ftp.aliapp.com" local="131771757820252254" remote="131771408400000000" Dst="0" />
<file name="firefox.png" server="hz199109.ftp.aliapp.com" local="131771757820913780" remote="131771408400000000" Dst="0" />
<file name="ie.png" server="hz199109.ftp.aliapp.com" local="131771757821659857" remote="131771408400000000" Dst="0" />
<file name="ie10.png" server="hz199109.ftp.aliapp.com" local="131771757821679810" remote="131771408400000000" Dst="0" />
<file name="ie11.png" server="hz199109.ftp.aliapp.com" local="131771757822231822" remote="131771408400000000" Dst="0" />
<file name="ie8.png" server="hz199109.ftp.aliapp.com" local="131771757822959655" remote="131771408400000000" Dst="0" />
<file name="ie9.png" server="hz199109.ftp.aliapp.com" local="131771757822974628" remote="131771408400000000" Dst="0" />
<file name="ipad.png" server="hz199109.ftp.aliapp.com" local="131771757823585672" remote="131771408400000000" Dst="0" />
<file name="iphone.png" server="hz199109.ftp.aliapp.com" local="131771757824109061" remote="131771408400000000" Dst="0" />
<file name="linux.png" server="hz199109.ftp.aliapp.com" local="131771757824084108" remote="131771408400000000" Dst="0" />
<file name="maxthon.png" server="hz199109.ftp.aliapp.com" local="131771757825435077" remote="131771408400000000" Dst="0" />
<file name="opera.png" server="hz199109.ftp.aliapp.com" local="131771757825450037" remote="131771408400000000" Dst="0" />
<file name="opera15.png" server="hz199109.ftp.aliapp.com" local="131771757826003572" remote="131771408400000000" Dst="0" />
<file name="safari.png" server="hz199109.ftp.aliapp.com" local="131771757826708316" remote="131771408400000000" Dst="0" />
<file name="sogou.png" server="hz199109.ftp.aliapp.com" local="131771757826688359" remote="131771408400000000" Dst="0" />
<file name="ubuntu.png" server="hz199109.ftp.aliapp.com" local="131771757827281911" remote="131771408400000000" Dst="0" />
<file name="ucweb.png" server="hz199109.ftp.aliapp.com" local="131771757828016185" remote="131771408400000000" Dst="0" />
<file name="unknow.png" server="hz199109.ftp.aliapp.com" local="131771757828036146" remote="131771408400000000" Dst="0" />
<file name="windows.png" server="hz199109.ftp.aliapp.com" local="131771757828575144" remote="131771408400000000" Dst="0" />
<file name="windows_vista.png" server="hz199109.ftp.aliapp.com" local="131771757829284917" remote="131771408400000000" Dst="0" />
<file name="windows_phone.png" server="hz199109.ftp.aliapp.com" local="131771757829269940" remote="131771408400000000" Dst="0" />
<file name="windows_win10.png" server="hz199109.ftp.aliapp.com" local="131771757829838937" remote="131771408400000000" Dst="0" />
<file name="windows_win7.png" server="hz199109.ftp.aliapp.com" local="131771757830537452" remote="131771408400000000" Dst="0" />
<file name="windows_win8.png" server="hz199109.ftp.aliapp.com" local="131771757830552425" remote="131771408400000000" Dst="0" />
<file name="wordpress.png" server="hz199109.ftp.aliapp.com" local="131771757831116815" remote="131771408400000000" Dst="0" />
<file name="macos.png" server="hz199109.ftp.aliapp.com" local="131771757824733018" remote="131771408400000000" Dst="0" />
</dwsync>