<?xml version="1.0" encoding="utf-8" ?>
<dwsync>
<file name="categories-images.php" server="hz199109.ftp.aliapp.com" local="132038782529014399" remote="131770944000000000" Dst="0" />
<file name="customizer.php" server="hz199109.ftp.aliapp.com" local="132038782530140891" remote="131770944000000000" Dst="0" />
<file name="decorate.php" server="hz199109.ftp.aliapp.com" local="132038782530145870" remote="131961264600000000" Dst="0" />
<file name="login.css" server="hz199109.ftp.aliapp.com" local="132038782537390128" remote="131796000000000000" Dst="0" />
<file name="options-framework.php" server="hz199109.ftp.aliapp.com" local="132038782538098026" remote="131770944000000000" Dst="0" />
<file name="options-interface.php" server="hz199109.ftp.aliapp.com" local="132038782538741835" remote="131770944000000000" Dst="0" />
<file name="options-media-uploader.php" server="hz199109.ftp.aliapp.com" local="132038782538766804" remote="131770944000000000" Dst="0" />
<file name="options-sanitize.php" server="hz199109.ftp.aliapp.com" local="132038782539682185" remote="131770944000000000" Dst="0" />
<file name="smiley.php" server="hz199109.ftp.aliapp.com" local="132038782539906460" remote="131770944000000000" Dst="0" />
<file name="siren-update.php" server="hz199109.ftp.aliapp.com" local="132038782540111075" remote="131952916800000000" Dst="0" />
<file name="template-tags.php" server="hz199109.ftp.aliapp.com" local="132038782540819760" remote="131770944000000000" Dst="0" />
<file name="categories-images.php" server="hyu5717630001.my3w.com" local="132038782529014399" remote="132039218400000000" Dst="0" />
<file name="customizer.php" server="hyu5717630001.my3w.com" local="132038782530140891" remote="132039218400000000" Dst="0" />
<file name="decorate.php" server="hyu5717630001.my3w.com" local="132038782530145870" remote="132039218400000000" Dst="0" />
<file name="login.css" server="hyu5717630001.my3w.com" local="132038782537390128" remote="132039218400000000" Dst="0" />
<file name="options-framework.php" server="hyu5717630001.my3w.com" local="132038782538098026" remote="132039219000000000" Dst="0" />
<file name="options-interface.php" server="hyu5717630001.my3w.com" local="132038782538741835" remote="132039218400000000" Dst="0" />
<file name="options-media-uploader.php" server="hyu5717630001.my3w.com" local="132038782538766804" remote="132039218400000000" Dst="0" />
<file name="options-sanitize.php" server="hyu5717630001.my3w.com" local="132038782539682185" remote="132039218400000000" Dst="0" />
<file name="siren-update.php" server="hyu5717630001.my3w.com" local="132038782540111075" remote="132039219000000000" Dst="0" />
<file name="smiley.php" server="hyu5717630001.my3w.com" local="132038782539906460" remote="132039219000000000" Dst="0" />
<file name="template-tags.php" server="hyu5717630001.my3w.com" local="132038782540819760" remote="132039219000000000" Dst="0" />
</dwsync>