<?xml version="1.0" encoding="utf-8" ?>
<dwsync>
<file name="iconfont.css" server="hz199109.ftp.aliapp.com" local="132038782531338667" remote="131803776000000000" Dst="0" />
<file name="iconfont.eot" server="hz199109.ftp.aliapp.com" local="132038782531538300" remote="131803776000000000" Dst="0" />
<file name="iconfont.svg" server="hz199109.ftp.aliapp.com" local="132038782532276915" remote="131803776000000000" Dst="0" />
<file name="iconfont.ttf" server="hz199109.ftp.aliapp.com" local="132038782532975621" remote="131803776000000000" Dst="0" />
<file name="iconfont.woff" server="hz199109.ftp.aliapp.com" local="132038782535328966" remote="131803776000000000" Dst="0" />
<file name="iconfont.css" server="hyu5717630001.my3w.com" local="132038782531338667" remote="132039218400000000" Dst="0" />
<file name="iconfont.eot" server="hyu5717630001.my3w.com" local="132038782531538300" remote="132039218400000000" Dst="0" />
<file name="iconfont.svg" server="hyu5717630001.my3w.com" local="132038782532276915" remote="132039219000000000" Dst="0" />
<file name="iconfont.ttf" server="hyu5717630001.my3w.com" local="132038782532975621" remote="132039218400000000" Dst="0" />
<file name="iconfont.woff" server="hyu5717630001.my3w.com" local="132038782535328966" remote="132039218400000000" Dst="0" />
</dwsync>