<?xml version="1.0" encoding="utf-8" ?>
<dwsync>
<file name="icon_biggrin.gif" server="hz199109.ftp.aliapp.com" local="131771757801359949" remote="131771408400000000" Dst="0" />
<file name="icon_arrow.gif" server="hz199109.ftp.aliapp.com" local="131771757800541480" remote="131771408400000000" Dst="0" />
<file name="icon_confused.gif" server="hz199109.ftp.aliapp.com" local="131771757801514663" remote="131771408400000000" Dst="0" />
<file name="icon_cool.gif" server="hz199109.ftp.aliapp.com" local="131771757801824219" remote="131771408400000000" Dst="0" />
<file name="icon_cry.gif" server="hz199109.ftp.aliapp.com" local="131771757802885149" remote="131771408400000000" Dst="0" />
<file name="icon_eek.gif" server="hz199109.ftp.aliapp.com" local="131771757802715466" remote="131771408400000000" Dst="0" />
<file name="icon_evil.gif" server="hz199109.ftp.aliapp.com" local="131771757803139671" remote="131771408400000000" Dst="0" />
<file name="icon_exclaim.gif" server="hz199109.ftp.aliapp.com" local="131771757803708204" remote="131771408400000000" Dst="0" />
<file name="icon_lol.gif" server="hz199109.ftp.aliapp.com" local="131771757804660462" remote="131771408400000000" Dst="0" />
<file name="icon_idea.gif" server="hz199109.ftp.aliapp.com" local="131771757804175742" remote="131771408400000000" Dst="0" />
<file name="icon_mad.gif" server="hz199109.ftp.aliapp.com" local="131771757804798611" remote="131771408400000000" Dst="0" />
<file name="icon_mrgreen.gif" server="hz199109.ftp.aliapp.com" local="131771757806774020" remote="131771408400000000" Dst="0" />
<file name="icon_question.gif" server="hz199109.ftp.aliapp.com" local="131771757807278249" remote="131771408400000000" Dst="0" />
<file name="icon_neutral.gif" server="hz199109.ftp.aliapp.com" local="131771757806948699" remote="131771408400000000" Dst="0" />
<file name="icon_razz.gif" server="hz199109.ftp.aliapp.com" local="131771757808133482" remote="131771408400000000" Dst="0" />
<file name="icon_redface.gif" server="hz199109.ftp.aliapp.com" local="131771757808163423" remote="131771408400000000" Dst="0" />
<file name="icon_rolleyes.gif" server="hz199109.ftp.aliapp.com" local="131771757808637576" remote="131771408400000000" Dst="0" />
<file name="icon_sad.gif" server="hz199109.ftp.aliapp.com" local="131771757809351331" remote="131771408400000000" Dst="0" />
<file name="icon_smile.gif" server="hz199109.ftp.aliapp.com" local="131771757809156744" remote="131771408400000000" Dst="0" />
<file name="icon_surprised.gif" server="hz199109.ftp.aliapp.com" local="131771757809840333" remote="131771408400000000" Dst="0" />
<file name="icon_twisted.gif" server="hz199109.ftp.aliapp.com" local="131771757810239605" remote="131771408400000000" Dst="0" />
<file name="icon_wink.gif" server="hz199109.ftp.aliapp.com" local="131771757810663876" remote="131771408400000000" Dst="0" />
</dwsync>